
Circuit 1 cell pfet_05v0 and Circuit 2 cell pfet_05v0 are black boxes.
Warning: Equate pins:  cell pfet_05v0 is a placeholder, treated as a black box.
Warning: Equate pins:  cell pfet_05v0 is a placeholder, treated as a black box.

Subcircuit pins:
Circuit 1: pfet_05v0                       |Circuit 2: pfet_05v0                       
-------------------------------------------|-------------------------------------------
1                                          |1                                          
2                                          |2                                          
3                                          |3                                          
4                                          |4                                          
---------------------------------------------------------------------------------------
Cell pin lists are equivalent.
Device classes pfet_05v0 and pfet_05v0 are equivalent.

Circuit 1 cell nfet_05v0 and Circuit 2 cell nfet_05v0 are black boxes.
Warning: Equate pins:  cell nfet_05v0 is a placeholder, treated as a black box.
Warning: Equate pins:  cell nfet_05v0 is a placeholder, treated as a black box.

Subcircuit pins:
Circuit 1: nfet_05v0                       |Circuit 2: nfet_05v0                       
-------------------------------------------|-------------------------------------------
1                                          |1                                          
2                                          |2                                          
3                                          |3                                          
4                                          |4                                          
---------------------------------------------------------------------------------------
Cell pin lists are equivalent.
Device classes nfet_05v0 and nfet_05v0 are equivalent.

Circuit 1 cell cap_mim_2f0_m4m5_noshield and Circuit 2 cell cap_mim_2f0_m4m5_noshield are black boxes.
Warning: Equate pins:  cell cap_mim_2f0_m4m5_noshield is a placeholder, treated as a black box.
Warning: Equate pins:  cell cap_mim_2f0_m4m5_noshield is a placeholder, treated as a black box.

Subcircuit pins:
Circuit 1: cap_mim_2f0_m4m5_noshield       |Circuit 2: cap_mim_2f0_m4m5_noshield       
-------------------------------------------|-------------------------------------------
1                                          |1                                          
2                                          |2                                          
---------------------------------------------------------------------------------------
Cell pin lists are equivalent.
Device classes cap_mim_2f0_m4m5_noshield and cap_mim_2f0_m4m5_noshield are equivalent.

Subcircuit summary:
Circuit 1: nand2_1$1                       |Circuit 2: nand2_1$1                       
-------------------------------------------|-------------------------------------------
pfet_05v0 (2)                              |pfet_05v0 (2)                              
nfet_05v0 (2)                              |nfet_05v0 (2)                              
(no matching element)                      |c (24)                                     
Number of devices: 4 **Mismatch**          |Number of devices: 28 **Mismatch**         
Number of nets: 8                          |Number of nets: 8                          
---------------------------------------------------------------------------------------
NET mismatches: Class fragments follow (with fanout counts):
Circuit 1: nand2_1$1                       |Circuit 2: nand2_1$1                       

---------------------------------------------------------------------------------------
Net: a_2621_3578#                          |Net: a_2621_3578#                          
  pfet_05v0/(1|3) = 2                      |  pfet_05v0/(1|3) = 2                      
                                           |  c/bottom = 6                             
                                           |  c/top = 1                                
                                           |                                           
Net: a_2893_3030#                          |Net: a_2893_3030#                          
  pfet_05v0/2 = 1                          |  pfet_05v0/2 = 1                          
  nfet_05v0/2 = 1                          |  nfet_05v0/2 = 1                          
                                           |  c/top = 6                                
                                           |                                           
Net: VNW                                   |Net: VNW                                   
  pfet_05v0/4 = 2                          |  pfet_05v0/4 = 2                          
                                           |  c/top = 5                                
                                           |  c/bottom = 1                             
                                           |                                           
Net: VPW                                   |Net: VPW                                   
  nfet_05v0/4 = 2                          |  nfet_05v0/4 = 2                          
                                           |  c/bottom = 6                             
                                           |                                           
Net: a_2709_3030#                          |Net: a_2709_3030#                          
  pfet_05v0/2 = 1                          |  pfet_05v0/2 = 1                          
  nfet_05v0/2 = 1                          |  nfet_05v0/2 = 1                          
                                           |  c/top = 2                                
                                           |  c/bottom = 4                             
                                           |                                           
Net: a_2621_3074#                          |Net: a_2621_3074#                          
  nfet_05v0/(1|3) = 1                      |  nfet_05v0/(1|3) = 1                      
                                           |  c/bottom = 2                             
                                           |  c/top = 5                                
                                           |                                           
Net: a_2809_3578#                          |Net: a_2809_3578#                          
  pfet_05v0/(1|3) = 2                      |  pfet_05v0/(1|3) = 2                      
  nfet_05v0/(1|3) = 1                      |  nfet_05v0/(1|3) = 1                      
                                           |  c/top = 4                                
                                           |  c/bottom = 3                             
                                           |                                           
Net: a_2829_3074#                          |Net: a_2829_3074#                          
  nfet_05v0/(1|3) = 2                      |  nfet_05v0/(1|3) = 2                      
                                           |  c/bottom = 2                             
                                           |  c/top = 1                                
---------------------------------------------------------------------------------------
DEVICE mismatches: Class fragments follow (with node fanout counts):
Circuit 1: nand2_1$1                       |Circuit 2: nand2_1$1                       

---------------------------------------------------------------------------------------
(no matching instance)                     |Instance: c:0                              
                                           |  top = 10                                 
                                           |  bottom = 5                               
                                           |                                           
(no matching instance)                     |Instance: c:1                              
                                           |  top = 8                                  
                                           |  bottom = 9                               
                                           |                                           
(no matching instance)                     |Instance: c:2                              
                                           |  top = 8                                  
                                           |  bottom = 9                               
                                           |                                           
(no matching instance)                     |Instance: c:3                              
                                           |  top = 10                                 
                                           |  bottom = 9                               
                                           |                                           
(no matching instance)                     |Instance: c:4                              
                                           |  top = 8                                  
                                           |  bottom = 8                               
                                           |                                           
(no matching instance)                     |Instance: c:5                              
                                           |  top = 8                                  
                                           |  bottom = 8                               
                                           |                                           
(no matching instance)                     |Instance: c:6                              
                                           |  top = 8                                  
                                           |  bottom = 10                              
                                           |                                           
(no matching instance)                     |Instance: c:7                              
                                           |  top = 8                                  
                                           |  bottom = 5                               
                                           |                                           
(no matching instance)                     |Instance: c:8                              
                                           |  top = 10                                 
                                           |  bottom = 8                               
                                           |                                           
(no matching instance)                     |Instance: c:9                              
                                           |  top = 8                                  
                                           |  bottom = 9                               
                                           |                                           
(no matching instance)                     |Instance: c:10                             
                                           |  top = 8                                  
                                           |  bottom = 9                               
                                           |                                           
(no matching instance)                     |Instance: c:11                             
                                           |  top = 8                                  
                                           |  bottom = 8                               
                                           |                                           
(no matching instance)                     |Instance: c:12                             
                                           |  top = 5                                  
                                           |  bottom = 9                               
                                           |                                           
(no matching instance)                     |Instance: c:13                             
                                           |  top = 8                                  
                                           |  bottom = 8                               
                                           |                                           
(no matching instance)                     |Instance: c:14                             
                                           |  top = 8                                  
                                           |  bottom = 8                               
                                           |                                           
(no matching instance)                     |Instance: c:15                             
                                           |  top = 8                                  
                                           |  bottom = 8                               
                                           |                                           
(no matching instance)                     |Instance: c:16                             
                                           |  top = 8                                  
                                           |  bottom = 10                              
                                           |                                           
(no matching instance)                     |Instance: c:17                             
                                           |  top = 8                                  
                                           |  bottom = 10                              
                                           |                                           
(no matching instance)                     |Instance: c:18                             
                                           |  top = 8                                  
                                           |  bottom = 8                               
                                           |                                           
(no matching instance)                     |Instance: c:19                             
                                           |  top = 8                                  
                                           |  bottom = 8                               
                                           |                                           
(no matching instance)                     |Instance: c:20                             
                                           |  top = 10                                 
                                           |  bottom = 8                               
                                           |                                           
(no matching instance)                     |Instance: c:21                             
                                           |  top = 9                                  
                                           |  bottom = 8                               
                                           |                                           
(no matching instance)                     |Instance: c:22                             
                                           |  top = 8                                  
                                           |  bottom = 8                               
                                           |                                           
(no matching instance)                     |Instance: c:23                             
                                           |  top = 8                                  
                                           |  bottom = 8                               
---------------------------------------------------------------------------------------
Netlists do not match.
Port matching may fail to disambiguate symmetries.
  Flattening non-matched subcircuits {nand2_1$1} {nand2_1$1}

Class inv_8$1 (0):  Merged 14 parallel devices.
Class inv_8$1 (1):  Merged 14 parallel devices.
Subcircuit summary:
Circuit 1: inv_8$1                         |Circuit 2: inv_8$1                         
-------------------------------------------|-------------------------------------------
pfet_05v0 (8->1)                           |pfet_05v0 (8->1)                           
nfet_05v0 (8->1)                           |nfet_05v0 (8->1)                           
(no matching element)                      |c (15)                                     
Number of devices: 2 **Mismatch**          |Number of devices: 17 **Mismatch**         
Number of nets: 6                          |Number of nets: 6                          
---------------------------------------------------------------------------------------
NET mismatches: Class fragments follow (with fanout counts):
Circuit 1: inv_8$1                         |Circuit 2: inv_8$1                         

---------------------------------------------------------------------------------------
Net: a_4818_5296#                          |Net: a_4818_5296#                          
  pfet_05v0/(1|3) = 1                      |  pfet_05v0/(1|3) = 1                      
  nfet_05v0/(1|3) = 1                      |  nfet_05v0/(1|3) = 1                      
                                           |  c/top = 2                                
                                           |  c/bottom = 3                             
                                           |                                           
Net: a_4718_4748#                          |Net: a_4718_4748#                          
  pfet_05v0/2 = 1                          |  pfet_05v0/2 = 1                          
  nfet_05v0/2 = 1                          |  nfet_05v0/2 = 1                          
                                           |  c/top = 4                                
                                           |  c/bottom = 1                             
                                           |                                           
Net: a_4630_5296#                          |Net: a_4630_5296#                          
  pfet_05v0/(1|3) = 1                      |  pfet_05v0/(1|3) = 1                      
                                           |  c/bottom = 4                             
                                           |  c/top = 1                                
                                           |                                           
Net: VNW                                   |Net: VNW                                   
  pfet_05v0/4 = 1                          |  pfet_05v0/4 = 1                          
                                           |  c/top = 5                                
                                           |                                           
Net: a_4630_4792#                          |Net: a_4630_4792#                          
  nfet_05v0/(1|3) = 1                      |  nfet_05v0/(1|3) = 1                      
                                           |  c/top = 3                                
                                           |  c/bottom = 2                             
                                           |                                           
Net: VPW                                   |Net: VPW                                   
  nfet_05v0/4 = 1                          |  nfet_05v0/4 = 1                          
                                           |  c/bottom = 5                             
---------------------------------------------------------------------------------------
DEVICE mismatches: Class fragments follow (with node fanout counts):
Circuit 1: inv_8$1                         |Circuit 2: inv_8$1                         

---------------------------------------------------------------------------------------
(no matching instance)                     |Instance: c:0                              
                                           |  top = 7                                  
                                           |  bottom = 6                               
                                           |                                           
(no matching instance)                     |Instance: c:1                              
                                           |  top = 7                                  
                                           |  bottom = 6                               
                                           |                                           
(no matching instance)                     |Instance: c:2                              
                                           |  top = 6                                  
                                           |  bottom = 6                               
                                           |                                           
(no matching instance)                     |Instance: c:3                              
                                           |  top = 7                                  
                                           |  bottom = 7                               
                                           |                                           
(no matching instance)                     |Instance: c:4                              
                                           |  top = 6                                  
                                           |  bottom = 7                               
                                           |                                           
(no matching instance)                     |Instance: c:5                              
                                           |  top = 6                                  
                                           |  bottom = 7                               
                                           |                                           
(no matching instance)                     |Instance: c:6                              
                                           |  top = 6                                  
                                           |  bottom = 6                               
                                           |                                           
(no matching instance)                     |Instance: c:7                              
                                           |  top = 7                                  
                                           |  bottom = 6                               
                                           |                                           
(no matching instance)                     |Instance: c:8                              
                                           |  top = 6                                  
                                           |  bottom = 7                               
                                           |                                           
(no matching instance)                     |Instance: c:9                              
                                           |  top = 6                                  
                                           |  bottom = 6                               
                                           |                                           
(no matching instance)                     |Instance: c:10                             
                                           |  top = 6                                  
                                           |  bottom = 6                               
                                           |                                           
(no matching instance)                     |Instance: c:11                             
                                           |  top = 6                                  
                                           |  bottom = 6                               
                                           |                                           
(no matching instance)                     |Instance: c:12                             
                                           |  top = 7                                  
                                           |  bottom = 6                               
                                           |                                           
(no matching instance)                     |Instance: c:13                             
                                           |  top = 6                                  
                                           |  bottom = 6                               
                                           |                                           
(no matching instance)                     |Instance: c:14                             
                                           |  top = 7                                  
                                           |  bottom = 6                               
---------------------------------------------------------------------------------------
Netlists do not match.
Port matching may fail to disambiguate symmetries.
  Flattening non-matched subcircuits {inv_8$1} {inv_8$1}

Subcircuit summary:
Circuit 1: nand2_1                         |Circuit 2: nand2_1                         
-------------------------------------------|-------------------------------------------
pfet_05v0 (2)                              |pfet_05v0 (2)                              
nfet_05v0 (2)                              |nfet_05v0 (2)                              
(no matching element)                      |c (24)                                     
Number of devices: 4 **Mismatch**          |Number of devices: 28 **Mismatch**         
Number of nets: 8                          |Number of nets: 8                          
---------------------------------------------------------------------------------------
NET mismatches: Class fragments follow (with fanout counts):
Circuit 1: nand2_1                         |Circuit 2: nand2_1                         

---------------------------------------------------------------------------------------
Net: a_2621_3578#                          |Net: a_2621_3578#                          
  pfet_05v0/(1|3) = 2                      |  pfet_05v0/(1|3) = 2                      
                                           |  c/top = 3                                
                                           |  c/bottom = 4                             
                                           |                                           
Net: a_2893_3030#                          |Net: a_2893_3030#                          
  pfet_05v0/2 = 1                          |  pfet_05v0/2 = 1                          
  nfet_05v0/2 = 1                          |  nfet_05v0/2 = 1                          
                                           |  c/bottom = 5                             
                                           |  c/top = 1                                
                                           |                                           
Net: VNW                                   |Net: VNW                                   
  pfet_05v0/4 = 2                          |  pfet_05v0/4 = 2                          
                                           |  c/top = 6                                
                                           |                                           
Net: VPW                                   |Net: VPW                                   
  nfet_05v0/4 = 2                          |  nfet_05v0/4 = 2                          
                                           |  c/bottom = 6                             
                                           |                                           
Net: a_2709_3030#                          |Net: a_2709_3030#                          
  pfet_05v0/2 = 1                          |  pfet_05v0/2 = 1                          
  nfet_05v0/2 = 1                          |  nfet_05v0/2 = 1                          
                                           |  c/top = 5                                
                                           |  c/bottom = 1                             
                                           |                                           
Net: a_2621_3074#                          |Net: a_2621_3074#                          
  nfet_05v0/(1|3) = 1                      |  nfet_05v0/(1|3) = 1                      
                                           |  c/bottom = 5                             
                                           |  c/top = 2                                
                                           |                                           
Net: a_2809_3578#                          |Net: a_2809_3578#                          
  pfet_05v0/(1|3) = 2                      |  pfet_05v0/(1|3) = 2                      
  nfet_05v0/(1|3) = 1                      |  nfet_05v0/(1|3) = 1                      
                                           |  c/top = 4                                
                                           |  c/bottom = 3                             
                                           |                                           
Net: a_2829_3074#                          |Net: a_2829_3074#                          
  nfet_05v0/(1|3) = 2                      |  nfet_05v0/(1|3) = 2                      
                                           |  c/top = 3                                
---------------------------------------------------------------------------------------
DEVICE mismatches: Class fragments follow (with node fanout counts):
Circuit 1: nand2_1                         |Circuit 2: nand2_1                         

---------------------------------------------------------------------------------------
(no matching instance)                     |Instance: c:0                              
                                           |  top = 9                                  
                                           |  bottom = 8                               
                                           |                                           
(no matching instance)                     |Instance: c:1                              
                                           |  top = 5                                  
                                           |  bottom = 8                               
                                           |                                           
(no matching instance)                     |Instance: c:2                              
                                           |  top = 8                                  
                                           |  bottom = 8                               
                                           |                                           
(no matching instance)                     |Instance: c:3                              
                                           |  top = 8                                  
                                           |  bottom = 8                               
                                           |                                           
(no matching instance)                     |Instance: c:4                              
                                           |  top = 9                                  
                                           |  bottom = 8                               
                                           |                                           
(no matching instance)                     |Instance: c:5                              
                                           |  top = 8                                  
                                           |  bottom = 8                               
                                           |                                           
(no matching instance)                     |Instance: c:6                              
                                           |  top = 8                                  
                                           |  bottom = 9                               
                                           |                                           
(no matching instance)                     |Instance: c:7                              
                                           |  top = 10                                 
                                           |  bottom = 8                               
                                           |                                           
(no matching instance)                     |Instance: c:8                              
                                           |  top = 8                                  
                                           |  bottom = 9                               
                                           |                                           
(no matching instance)                     |Instance: c:9                              
                                           |  top = 5                                  
                                           |  bottom = 9                               
                                           |                                           
(no matching instance)                     |Instance: c:10                             
                                           |  top = 10                                 
                                           |  bottom = 8                               
                                           |                                           
(no matching instance)                     |Instance: c:11                             
                                           |  top = 8                                  
                                           |  bottom = 10                              
                                           |                                           
(no matching instance)                     |Instance: c:12                             
                                           |  top = 8                                  
                                           |  bottom = 8                               
                                           |                                           
(no matching instance)                     |Instance: c:13                             
                                           |  top = 8                                  
                                           |  bottom = 10                              
                                           |                                           
(no matching instance)                     |Instance: c:14                             
                                           |  top = 10                                 
                                           |  bottom = 9                               
                                           |                                           
(no matching instance)                     |Instance: c:15                             
                                           |  top = 8                                  
                                           |  bottom = 8                               
                                           |                                           
(no matching instance)                     |Instance: c:16                             
                                           |  top = 5                                  
                                           |  bottom = 10                              
                                           |                                           
(no matching instance)                     |Instance: c:17                             
                                           |  top = 8                                  
                                           |  bottom = 8                               
                                           |                                           
(no matching instance)                     |Instance: c:18                             
                                           |  top = 8                                  
                                           |  bottom = 8                               
                                           |                                           
(no matching instance)                     |Instance: c:19                             
                                           |  top = 8                                  
                                           |  bottom = 8                               
                                           |                                           
(no matching instance)                     |Instance: c:20                             
                                           |  top = 10                                 
                                           |  bottom = 8                               
                                           |                                           
(no matching instance)                     |Instance: c:21                             
                                           |  top = 9                                  
                                           |  bottom = 8                               
                                           |                                           
(no matching instance)                     |Instance: c:22                             
                                           |  top = 8                                  
                                           |  bottom = 8                               
                                           |                                           
(no matching instance)                     |Instance: c:23                             
                                           |  top = 8                                  
                                           |  bottom = 8                               
---------------------------------------------------------------------------------------
Netlists do not match.
Port matching may fail to disambiguate symmetries.
  Flattening non-matched subcircuits nand2_1 nand2_1

Subcircuit summary:
Circuit 1: inv_1                           |Circuit 2: inv_1                           
-------------------------------------------|-------------------------------------------
nfet_05v0 (1)                              |nfet_05v0 (1)                              
pfet_05v0 (1)                              |pfet_05v0 (1)                              
(no matching element)                      |c (15)                                     
Number of devices: 2 **Mismatch**          |Number of devices: 17 **Mismatch**         
Number of nets: 6                          |Number of nets: 6                          
---------------------------------------------------------------------------------------
NET mismatches: Class fragments follow (with fanout counts):
Circuit 1: inv_1                           |Circuit 2: inv_1                           

---------------------------------------------------------------------------------------
Net: a_4052_3074#                          |Net: a_4052_3074#                          
  nfet_05v0/(1|3) = 1                      |  nfet_05v0/(1|3) = 1                      
  pfet_05v0/(1|3) = 1                      |  pfet_05v0/(1|3) = 1                      
                                           |  c/bottom = 1                             
                                           |  c/top = 4                                
                                           |                                           
Net: a_3932_3030#                          |Net: a_3932_3030#                          
  nfet_05v0/2 = 1                          |  nfet_05v0/2 = 1                          
  pfet_05v0/2 = 1                          |  pfet_05v0/2 = 1                          
                                           |  c/bottom = 4                             
                                           |  c/top = 1                                
                                           |                                           
Net: a_3844_3074#                          |Net: a_3844_3074#                          
  nfet_05v0/(1|3) = 1                      |  nfet_05v0/(1|3) = 1                      
                                           |  c/bottom = 3                             
                                           |  c/top = 2                                
                                           |                                           
Net: VPW                                   |Net: VPW                                   
  nfet_05v0/4 = 1                          |  nfet_05v0/4 = 1                          
                                           |  c/bottom = 5                             
                                           |                                           
Net: a_3864_3578#                          |Net: a_3864_3578#                          
  pfet_05v0/(1|3) = 1                      |  pfet_05v0/(1|3) = 1                      
                                           |  c/top = 3                                
                                           |  c/bottom = 2                             
                                           |                                           
Net: VNW                                   |Net: VNW                                   
  pfet_05v0/4 = 1                          |  pfet_05v0/4 = 1                          
                                           |  c/top = 5                                
---------------------------------------------------------------------------------------
DEVICE mismatches: Class fragments follow (with node fanout counts):
Circuit 1: inv_1                           |Circuit 2: inv_1                           

---------------------------------------------------------------------------------------
(no matching instance)                     |Instance: c:0                              
                                           |  top = 6                                  
                                           |  bottom = 6                               
                                           |                                           
(no matching instance)                     |Instance: c:1                              
                                           |  top = 6                                  
                                           |  bottom = 7                               
                                           |                                           
(no matching instance)                     |Instance: c:2                              
                                           |  top = 6                                  
                                           |  bottom = 7                               
                                           |                                           
(no matching instance)                     |Instance: c:3                              
                                           |  top = 7                                  
                                           |  bottom = 6                               
                                           |                                           
(no matching instance)                     |Instance: c:4                              
                                           |  top = 6                                  
                                           |  bottom = 6                               
                                           |                                           
(no matching instance)                     |Instance: c:5                              
                                           |  top = 7                                  
                                           |  bottom = 7                               
                                           |                                           
(no matching instance)                     |Instance: c:6                              
                                           |  top = 6                                  
                                           |  bottom = 7                               
                                           |                                           
(no matching instance)                     |Instance: c:7                              
                                           |  top = 6                                  
                                           |  bottom = 7                               
                                           |                                           
(no matching instance)                     |Instance: c:8                              
                                           |  top = 7                                  
                                           |  bottom = 6                               
                                           |                                           
(no matching instance)                     |Instance: c:9                              
                                           |  top = 6                                  
                                           |  bottom = 6                               
                                           |                                           
(no matching instance)                     |Instance: c:10                             
                                           |  top = 6                                  
                                           |  bottom = 6                               
                                           |                                           
(no matching instance)                     |Instance: c:11                             
                                           |  top = 6                                  
                                           |  bottom = 6                               
                                           |                                           
(no matching instance)                     |Instance: c:12                             
                                           |  top = 7                                  
                                           |  bottom = 6                               
                                           |                                           
(no matching instance)                     |Instance: c:13                             
                                           |  top = 6                                  
                                           |  bottom = 6                               
                                           |                                           
(no matching instance)                     |Instance: c:14                             
                                           |  top = 7                                  
                                           |  bottom = 6                               
---------------------------------------------------------------------------------------
Netlists do not match.
Port matching may fail to disambiguate symmetries.
  Flattening non-matched subcircuits inv_1 inv_1

Subcircuit summary:
Circuit 1: inv_1$1                         |Circuit 2: inv_1$1                         
-------------------------------------------|-------------------------------------------
nfet_05v0 (1)                              |nfet_05v0 (1)                              
pfet_05v0 (1)                              |pfet_05v0 (1)                              
(no matching element)                      |c (15)                                     
Number of devices: 2 **Mismatch**          |Number of devices: 17 **Mismatch**         
Number of nets: 6                          |Number of nets: 6                          
---------------------------------------------------------------------------------------
NET mismatches: Class fragments follow (with fanout counts):
Circuit 1: inv_1$1                         |Circuit 2: inv_1$1                         

---------------------------------------------------------------------------------------
Net: a_4052_3074#                          |Net: a_4052_3074#                          
  nfet_05v0/(1|3) = 1                      |  nfet_05v0/(1|3) = 1                      
  pfet_05v0/(1|3) = 1                      |  pfet_05v0/(1|3) = 1                      
                                           |  c/bottom = 1                             
                                           |  c/top = 4                                
                                           |                                           
Net: a_3932_3030#                          |Net: a_3932_3030#                          
  nfet_05v0/2 = 1                          |  nfet_05v0/2 = 1                          
  pfet_05v0/2 = 1                          |  pfet_05v0/2 = 1                          
                                           |  c/bottom = 4                             
                                           |  c/top = 1                                
                                           |                                           
Net: a_3844_3074#                          |Net: a_3844_3074#                          
  nfet_05v0/(1|3) = 1                      |  nfet_05v0/(1|3) = 1                      
                                           |  c/bottom = 3                             
                                           |  c/top = 2                                
                                           |                                           
Net: VPW                                   |Net: VPW                                   
  nfet_05v0/4 = 1                          |  nfet_05v0/4 = 1                          
                                           |  c/bottom = 5                             
                                           |                                           
Net: a_3864_3578#                          |Net: a_3864_3578#                          
  pfet_05v0/(1|3) = 1                      |  pfet_05v0/(1|3) = 1                      
                                           |  c/top = 3                                
                                           |  c/bottom = 2                             
                                           |                                           
Net: VNW                                   |Net: VNW                                   
  pfet_05v0/4 = 1                          |  pfet_05v0/4 = 1                          
                                           |  c/top = 5                                
---------------------------------------------------------------------------------------
DEVICE mismatches: Class fragments follow (with node fanout counts):
Circuit 1: inv_1$1                         |Circuit 2: inv_1$1                         

---------------------------------------------------------------------------------------
(no matching instance)                     |Instance: c:0                              
                                           |  top = 6                                  
                                           |  bottom = 6                               
                                           |                                           
(no matching instance)                     |Instance: c:1                              
                                           |  top = 6                                  
                                           |  bottom = 7                               
                                           |                                           
(no matching instance)                     |Instance: c:2                              
                                           |  top = 6                                  
                                           |  bottom = 7                               
                                           |                                           
(no matching instance)                     |Instance: c:3                              
                                           |  top = 7                                  
                                           |  bottom = 6                               
                                           |                                           
(no matching instance)                     |Instance: c:4                              
                                           |  top = 6                                  
                                           |  bottom = 6                               
                                           |                                           
(no matching instance)                     |Instance: c:5                              
                                           |  top = 7                                  
                                           |  bottom = 7                               
                                           |                                           
(no matching instance)                     |Instance: c:6                              
                                           |  top = 6                                  
                                           |  bottom = 7                               
                                           |                                           
(no matching instance)                     |Instance: c:7                              
                                           |  top = 6                                  
                                           |  bottom = 7                               
                                           |                                           
(no matching instance)                     |Instance: c:8                              
                                           |  top = 7                                  
                                           |  bottom = 6                               
                                           |                                           
(no matching instance)                     |Instance: c:9                              
                                           |  top = 6                                  
                                           |  bottom = 6                               
                                           |                                           
(no matching instance)                     |Instance: c:10                             
                                           |  top = 6                                  
                                           |  bottom = 6                               
                                           |                                           
(no matching instance)                     |Instance: c:11                             
                                           |  top = 6                                  
                                           |  bottom = 6                               
                                           |                                           
(no matching instance)                     |Instance: c:12                             
                                           |  top = 7                                  
                                           |  bottom = 6                               
                                           |                                           
(no matching instance)                     |Instance: c:13                             
                                           |  top = 6                                  
                                           |  bottom = 6                               
                                           |                                           
(no matching instance)                     |Instance: c:14                             
                                           |  top = 7                                  
                                           |  bottom = 6                               
---------------------------------------------------------------------------------------
Netlists do not match.
Port matching may fail to disambiguate symmetries.
  Flattening non-matched subcircuits {inv_1$1} {inv_1$1}

Class inv_8 (0):  Merged 14 parallel devices.
Class inv_8 (1):  Merged 14 parallel devices.
Subcircuit summary:
Circuit 1: inv_8                           |Circuit 2: inv_8                           
-------------------------------------------|-------------------------------------------
pfet_05v0 (8->1)                           |pfet_05v0 (8->1)                           
nfet_05v0 (8->1)                           |nfet_05v0 (8->1)                           
(no matching element)                      |c (15)                                     
Number of devices: 2 **Mismatch**          |Number of devices: 17 **Mismatch**         
Number of nets: 6                          |Number of nets: 6                          
---------------------------------------------------------------------------------------
NET mismatches: Class fragments follow (with fanout counts):
Circuit 1: inv_8                           |Circuit 2: inv_8                           

---------------------------------------------------------------------------------------
Net: a_4818_5296#                          |Net: a_4818_5296#                          
  pfet_05v0/(1|3) = 1                      |  pfet_05v0/(1|3) = 1                      
  nfet_05v0/(1|3) = 1                      |  nfet_05v0/(1|3) = 1                      
                                           |  c/bottom = 1                             
                                           |  c/top = 4                                
                                           |                                           
Net: a_4718_4748#                          |Net: a_4718_4748#                          
  pfet_05v0/2 = 1                          |  pfet_05v0/2 = 1                          
  nfet_05v0/2 = 1                          |  nfet_05v0/2 = 1                          
                                           |  c/bottom = 4                             
                                           |  c/top = 1                                
                                           |                                           
Net: a_4630_5296#                          |Net: a_4630_5296#                          
  pfet_05v0/(1|3) = 1                      |  pfet_05v0/(1|3) = 1                      
                                           |  c/top = 3                                
                                           |  c/bottom = 2                             
                                           |                                           
Net: VNW                                   |Net: VNW                                   
  pfet_05v0/4 = 1                          |  pfet_05v0/4 = 1                          
                                           |  c/top = 5                                
                                           |                                           
Net: a_4630_4792#                          |Net: a_4630_4792#                          
  nfet_05v0/(1|3) = 1                      |  nfet_05v0/(1|3) = 1                      
                                           |  c/bottom = 3                             
                                           |  c/top = 2                                
                                           |                                           
Net: VPW                                   |Net: VPW                                   
  nfet_05v0/4 = 1                          |  nfet_05v0/4 = 1                          
                                           |  c/bottom = 5                             
---------------------------------------------------------------------------------------
DEVICE mismatches: Class fragments follow (with node fanout counts):
Circuit 1: inv_8                           |Circuit 2: inv_8                           

---------------------------------------------------------------------------------------
(no matching instance)                     |Instance: c:0                              
                                           |  top = 6                                  
                                           |  bottom = 6                               
                                           |                                           
(no matching instance)                     |Instance: c:1                              
                                           |  top = 6                                  
                                           |  bottom = 7                               
                                           |                                           
(no matching instance)                     |Instance: c:2                              
                                           |  top = 6                                  
                                           |  bottom = 7                               
                                           |                                           
(no matching instance)                     |Instance: c:3                              
                                           |  top = 7                                  
                                           |  bottom = 6                               
                                           |                                           
(no matching instance)                     |Instance: c:4                              
                                           |  top = 6                                  
                                           |  bottom = 6                               
                                           |                                           
(no matching instance)                     |Instance: c:5                              
                                           |  top = 7                                  
                                           |  bottom = 7                               
                                           |                                           
(no matching instance)                     |Instance: c:6                              
                                           |  top = 6                                  
                                           |  bottom = 7                               
                                           |                                           
(no matching instance)                     |Instance: c:7                              
                                           |  top = 6                                  
                                           |  bottom = 7                               
                                           |                                           
(no matching instance)                     |Instance: c:8                              
                                           |  top = 7                                  
                                           |  bottom = 6                               
                                           |                                           
(no matching instance)                     |Instance: c:9                              
                                           |  top = 6                                  
                                           |  bottom = 6                               
                                           |                                           
(no matching instance)                     |Instance: c:10                             
                                           |  top = 6                                  
                                           |  bottom = 6                               
                                           |                                           
(no matching instance)                     |Instance: c:11                             
                                           |  top = 6                                  
                                           |  bottom = 6                               
                                           |                                           
(no matching instance)                     |Instance: c:12                             
                                           |  top = 7                                  
                                           |  bottom = 6                               
                                           |                                           
(no matching instance)                     |Instance: c:13                             
                                           |  top = 6                                  
                                           |  bottom = 6                               
                                           |                                           
(no matching instance)                     |Instance: c:14                             
                                           |  top = 7                                  
                                           |  bottom = 6                               
---------------------------------------------------------------------------------------
Netlists do not match.
Port matching may fail to disambiguate symmetries.
  Flattening non-matched subcircuits inv_8 inv_8

Subcircuit summary:
Circuit 1: cap_mim$1                       |Circuit 2: cap_mim$1                       
-------------------------------------------|-------------------------------------------
cap_mim_2f0_m4m5_noshield (1)              |cap_mim_2f0_m4m5_noshield (1)              
(no matching element)                      |c (3)                                      
Number of devices: 1 **Mismatch**          |Number of devices: 4 **Mismatch**          
Number of nets: 2 **Mismatch**             |Number of nets: 3 **Mismatch**             
---------------------------------------------------------------------------------------
NET mismatches: Class fragments follow (with fanout counts):
Circuit 1: cap_mim$1                       |Circuit 2: cap_mim$1                       

---------------------------------------------------------------------------------------
Net: m4_0_0#                               |Net: m4_0_0#                               
  cap_mim_2f0_m4m5_noshield/1 = 1          |  cap_mim_2f0_m4m5_noshield/1 = 1          
                                           |  c/top = 2                                
                                           |                                           
Net: m4_n120_n120#                         |Net: m4_n120_n120#                         
  cap_mim_2f0_m4m5_noshield/2 = 1          |  cap_mim_2f0_m4m5_noshield/2 = 1          
                                           |  c/bottom = 1                             
                                           |  c/top = 1                                
                                           |                                           
(no matching net)                          |Net: VSUBS                                 
                                           |  c/bottom = 2                             
---------------------------------------------------------------------------------------
DEVICE mismatches: Class fragments follow (with node fanout counts):
Circuit 1: cap_mim$1                       |Circuit 2: cap_mim$1                       

---------------------------------------------------------------------------------------
(no matching instance)                     |Instance: c:0                              
                                           |  top = 3                                  
                                           |  bottom = 3                               
                                           |                                           
(no matching instance)                     |Instance: c:1                              
                                           |  top = 3                                  
                                           |  bottom = 2                               
                                           |                                           
(no matching instance)                     |Instance: c:2                              
                                           |  top = 3                                  
                                           |  bottom = 2                               
---------------------------------------------------------------------------------------
Netlists do not match.
Port matching may fail to disambiguate symmetries.
  Flattening non-matched subcircuits {cap_mim$1} {cap_mim$1}

Subcircuit summary:
Circuit 1: op_Deadtime_Driver              |Circuit 2: op_Deadtime_Driver              
-------------------------------------------|-------------------------------------------
pfet_05v0 (22->8)                          |pfet_05v0 (22->8)                          
nfet_05v0 (22->8)                          |nfet_05v0 (22->8)                          
cap_mim_2f0_m4m5_noshield (2)              |cap_mim_2f0_m4m5_noshield (2)              
(no matching element)                      |c (157)                                    
Number of devices: 18 **Mismatch**         |Number of devices: 175 **Mismatch**        
Number of nets: 11 **Mismatch**            |Number of nets: 12 **Mismatch**            
---------------------------------------------------------------------------------------
NET mismatches: Class fragments follow (with fanout counts):
Circuit 1: op_Deadtime_Driver              |Circuit 2: op_Deadtime_Driver              

---------------------------------------------------------------------------------------
Net: vdd                                   |Net: nand2_1$1_0/a_2829_3074#              
  pfet_05v0/(1|3) = 8                      |  nfet_05v0/(1|3) = 2                      
  pfet_05v0/4 = 8                          |  c/bottom = 2                             
                                           |  c/top = 4                                
                                           |                                           
Net: vss                                   |Net: vss                                   
  nfet_05v0/4 = 8                          |  nfet_05v0/4 = 8                          
  nfet_05v0/(1|3) = 6                      |  nfet_05v0/(1|3) = 6                      
  cap_mim_2f0_m4m5_noshield/2 = 2          |  cap_mim_2f0_m4m5_noshield/2 = 2          
                                           |  c/top = 21                               
                                           |  c/bottom = 64                            
                                           |                                           
Net: n3                                    |Net: inv_8_0/VNW                           
  pfet_05v0/(1|3) = 2                      |  pfet_05v0/(1|3) = 8                      
  nfet_05v0/(1|3) = 1                      |  pfet_05v0/4 = 8                          
  pfet_05v0/2 = 2                          |  c/bottom = 26                            
  nfet_05v0/2 = 2                          |  c/top = 49                               
  cap_mim_2f0_m4m5_noshield/1 = 1          |                                           
                                           |                                           
Net: n2                                    |Net: m1_n6709_966#                         
  pfet_05v0/2 = 2                          |  pfet_05v0/(1|3) = 2                      
  nfet_05v0/2 = 2                          |  nfet_05v0/(1|3) = 1                      
  pfet_05v0/(1|3) = 2                      |  c/top = 13                               
  nfet_05v0/(1|3) = 1                      |  c/bottom = 17                            
  cap_mim_2f0_m4m5_noshield/1 = 1          |  pfet_05v0/2 = 2                          
                                           |  nfet_05v0/2 = 2                          
                                           |  cap_mim_2f0_m4m5_noshield/1 = 1          
                                           |                                           
Net: vin                                   |Net: vin                                   
  pfet_05v0/2 = 2                          |  pfet_05v0/2 = 2                          
  nfet_05v0/2 = 2                          |  nfet_05v0/2 = 2                          
                                           |  c/top = 4                                
                                           |  c/bottom = 13                            
                                           |                                           
Net: n1                                    |Net: m1_n6954_761#                         
  pfet_05v0/2 = 1                          |  pfet_05v0/2 = 2                          
  nfet_05v0/2 = 1                          |  nfet_05v0/2 = 2                          
  nfet_05v0/(1|3) = 1                      |  c/top = 18                               
  pfet_05v0/(1|3) = 1                      |  c/bottom = 12                            
                                           |  pfet_05v0/(1|3) = 2                      
                                           |  nfet_05v0/(1|3) = 1                      
                                           |  cap_mim_2f0_m4m5_noshield/1 = 1          
                                           |                                           
Net: n4                                    |Net: m1_757_773#                           
  nfet_05v0/(1|3) = 1                      |  nfet_05v0/(1|3) = 1                      
  pfet_05v0/(1|3) = 1                      |  pfet_05v0/(1|3) = 1                      
  pfet_05v0/2 = 1                          |  c/bottom = 7                             
  nfet_05v0/2 = 1                          |  c/top = 10                               
                                           |  pfet_05v0/2 = 1                          
                                           |  nfet_05v0/2 = 1                          
                                           |                                           
Net: vout_nmos                             |Net: vout_nmos                             
  pfet_05v0/(1|3) = 1                      |  pfet_05v0/(1|3) = 1                      
  nfet_05v0/(1|3) = 1                      |  nfet_05v0/(1|3) = 1                      
                                           |  c/top = 8                                
                                           |  c/bottom = 3                             
                                           |                                           
Net: vout_pmos                             |Net: vout_pmos                             
  pfet_05v0/(1|3) = 1                      |  pfet_05v0/(1|3) = 1                      
  nfet_05v0/(1|3) = 1                      |  nfet_05v0/(1|3) = 1                      
                                           |  c/bottom = 1                             
                                           |  c/top = 8                                
                                           |                                           
Net: /nand2_1$1_0/a_2829_3074#             |Net: nand2_1_0/a_2829_3074#                
  nfet_05v0/(1|3) = 2                      |  nfet_05v0/(1|3) = 2                      
                                           |  c/top = 6                                
                                           |  c/bottom = 1                             
                                           |                                           
Net: /nand2_1_0/a_2829_3074#               |Net: 0                                     
  nfet_05v0/(1|3) = 2                      |  c/bottom = 9                             
                                           |                                           
(no matching net)                          |Net: m1_n8216_n1245#                       
                                           |  pfet_05v0/2 = 1                          
                                           |  nfet_05v0/2 = 1                          
                                           |  c/top = 16                               
                                           |  c/bottom = 2                             
                                           |  nfet_05v0/(1|3) = 1                      
                                           |  pfet_05v0/(1|3) = 1                      
---------------------------------------------------------------------------------------
DEVICE mismatches: Class fragments follow (with node fanout counts):
Circuit 1: op_Deadtime_Driver              |Circuit 2: op_Deadtime_Driver              

---------------------------------------------------------------------------------------
(no matching instance)                     |Instance: nand2_1$1_0/c:0                  
                                           |  top = 38                                 
                                           |  bottom = 8                               
                                           |                                           
(no matching instance)                     |Instance: nand2_1$1_0/c:1                  
                                           |  top = 38                                 
                                           |  bottom = 91                              
                                           |                                           
(no matching instance)                     |Instance: nand2_1$1_0/c:2                  
                                           |  top = 21                                 
                                           |  bottom = 91                              
                                           |                                           
(no matching instance)                     |Instance: nand2_1$1_0/c:3                  
                                           |  top = 38                                 
                                           |  bottom = 91                              
                                           |                                           
(no matching instance)                     |Instance: nand2_1$1_0/c:4                  
                                           |  top = 91                                 
                                           |  bottom = 101                             
                                           |                                           
(no matching instance)                     |Instance: nand2_1$1_0/c:5                  
                                           |  top = 38                                 
                                           |  bottom = 21                              
                                           |                                           
(no matching instance)                     |Instance: nand2_1$1_0/c:6                  
                                           |  top = 38                                 
                                           |  bottom = 38                              
                                           |                                           
(no matching instance)                     |Instance: nand2_1$1_0/c:7                  
                                           |  top = 101                                
                                           |  bottom = 8                               
                                           |                                           
(no matching instance)                     |Instance: nand2_1$1_0/c:8                  
                                           |  top = 38                                 
                                           |  bottom = 21                              
                                           |                                           
(no matching instance)                     |Instance: nand2_1$1_0/c:9                  
                                           |  top = 101                                
                                           |  bottom = 91                              
                                           |                                           
(no matching instance)                     |Instance: nand2_1$1_0/c:10                 
                                           |  top = 91                                 
                                           |  bottom = 91                              
                                           |                                           
(no matching instance)                     |Instance: nand2_1$1_0/c:11                 
                                           |  top = 38                                 
                                           |  bottom = 101                             
                                           |                                           
(no matching instance)                     |Instance: nand2_1$1_0/c:12                 
                                           |  top = 8                                  
                                           |  bottom = 91                              
                                           |                                           
(no matching instance)                     |Instance: nand2_1$1_0/c:13                 
                                           |  top = 38                                 
                                           |  bottom = 91                              
                                           |                                           
(no matching instance)                     |Instance: nand2_1$1_0/c:14                 
                                           |  top = 101                                
                                           |  bottom = 21                              
                                           |                                           
(no matching instance)                     |Instance: nand2_1$1_0/c:15                 
                                           |  top = 91                                 
                                           |  bottom = 21                              
                                           |                                           
(no matching instance)                     |Instance: nand2_1$1_0/c:16                 
                                           |  top = 101                                
                                           |  bottom = 38                              
                                           |                                           
(no matching instance)                     |Instance: nand2_1$1_0/c:17                 
                                           |  top = 91                                 
                                           |  bottom = 38                              
                                           |                                           
(no matching instance)                     |Instance: nand2_1$1_0/c:18                 
                                           |  top = 91                                 
                                           |  bottom = 101                             
                                           |                                           
(no matching instance)                     |Instance: nand2_1$1_0/c:19                 
                                           |  top = 101                                
                                           |  bottom = 101                             
                                           |                                           
(no matching instance)                     |Instance: nand2_1$1_0/c:20                 
                                           |  top = 38                                 
                                           |  bottom = 101                             
                                           |                                           
(no matching instance)                     |Instance: nand2_1$1_0/c:21                 
                                           |  top = 91                                 
                                           |  bottom = 101                             
                                           |                                           
(no matching instance)                     |Instance: nand2_1$1_0/c:22                 
                                           |  top = 38                                 
                                           |  bottom = 101                             
                                           |                                           
(no matching instance)                     |Instance: nand2_1$1_0/c:23                 
                                           |  top = 21                                 
                                           |  bottom = 101                             
                                           |                                           
(no matching instance)                     |Instance: inv_8$1_0/c:0                    
                                           |  top = 38                                 
                                           |  bottom = 91                              
                                           |                                           
(no matching instance)                     |Instance: inv_8$1_0/c:1                    
                                           |  top = 13                                 
                                           |  bottom = 91                              
                                           |                                           
(no matching instance)                     |Instance: inv_8$1_0/c:2                    
                                           |  top = 91                                 
                                           |  bottom = 91                              
                                           |                                           
(no matching instance)                     |Instance: inv_8$1_0/c:3                    
                                           |  top = 38                                 
                                           |  bottom = 13                              
                                           |                                           
(no matching instance)                     |Instance: inv_8$1_0/c:4                    
                                           |  top = 91                                 
                                           |  bottom = 38                              
                                           |                                           
(no matching instance)                     |Instance: inv_8$1_0/c:5                    
                                           |  top = 91                                 
                                           |  bottom = 13                              
                                           |                                           
(no matching instance)                     |Instance: inv_8$1_0/c:6                    
                                           |  top = 101                                
                                           |  bottom = 91                              
                                           |                                           
(no matching instance)                     |Instance: inv_8$1_0/c:7                    
                                           |  top = 38                                 
                                           |  bottom = 101                             
                                           |                                           
(no matching instance)                     |Instance: inv_8$1_0/c:8                    
                                           |  top = 101                                
                                           |  bottom = 13                              
                                           |                                           
(no matching instance)                     |Instance: inv_8$1_0/c:9                    
                                           |  top = 91                                 
                                           |  bottom = 101                             
                                           |                                           
(no matching instance)                     |Instance: inv_8$1_0/c:10                   
                                           |  top = 91                                 
                                           |  bottom = 101                             
                                           |                                           
(no matching instance)                     |Instance: inv_8$1_0/c:11                   
                                           |  top = 101                                
                                           |  bottom = 101                             
                                           |                                           
(no matching instance)                     |Instance: inv_8$1_0/c:12                   
                                           |  top = 13                                 
                                           |  bottom = 101                             
                                           |                                           
(no matching instance)                     |Instance: inv_8$1_0/c:13                   
                                           |  top = 91                                 
                                           |  bottom = 101                             
                                           |                                           
(no matching instance)                     |Instance: inv_8$1_0/c:14                   
                                           |  top = 38                                 
                                           |  bottom = 101                             
                                           |                                           
(no matching instance)                     |Instance: nand2_1_0/c:0                    
                                           |  top = 91                                 
                                           |  bottom = 101                             
                                           |                                           
(no matching instance)                     |Instance: nand2_1_0/c:1                    
                                           |  top = 9                                  
                                           |  bottom = 101                             
                                           |                                           
(no matching instance)                     |Instance: nand2_1_0/c:2                    
                                           |  top = 22                                 
                                           |  bottom = 38                              
                                           |                                           
(no matching instance)                     |Instance: nand2_1_0/c:3                    
                                           |  top = 91                                 
                                           |  bottom = 38                              
                                           |                                           
(no matching instance)                     |Instance: nand2_1_0/c:4                    
                                           |  top = 91                                 
                                           |  bottom = 38                              
                                           |                                           
(no matching instance)                     |Instance: nand2_1_0/c:5                    
                                           |  top = 91                                 
                                           |  bottom = 22                              
                                           |                                           
(no matching instance)                     |Instance: nand2_1_0/c:6                    
                                           |  top = 22                                 
                                           |  bottom = 91                              
                                           |                                           
(no matching instance)                     |Instance: nand2_1_0/c:7                    
                                           |  top = 38                                 
                                           |  bottom = 101                             
                                           |                                           
(no matching instance)                     |Instance: nand2_1_0/c:8                    
                                           |  top = 91                                 
                                           |  bottom = 91                              
                                           |                                           
(no matching instance)                     |Instance: nand2_1_0/c:9                    
                                           |  top = 9                                  
                                           |  bottom = 91                              
                                           |                                           
(no matching instance)                     |Instance: nand2_1_0/c:10                   
                                           |  top = 38                                 
                                           |  bottom = 38                              
                                           |                                           
(no matching instance)                     |Instance: nand2_1_0/c:11                   
                                           |  top = 22                                 
                                           |  bottom = 38                              
                                           |                                           
(no matching instance)                     |Instance: nand2_1_0/c:12                   
                                           |  top = 101                                
                                           |  bottom = 38                              
                                           |                                           
(no matching instance)                     |Instance: nand2_1_0/c:13                   
                                           |  top = 91                                 
                                           |  bottom = 38                              
                                           |                                           
(no matching instance)                     |Instance: nand2_1_0/c:14                   
                                           |  top = 38                                 
                                           |  bottom = 91                              
                                           |                                           
(no matching instance)                     |Instance: nand2_1_0/c:15                   
                                           |  top = 22                                 
                                           |  bottom = 101                             
                                           |                                           
(no matching instance)                     |Instance: nand2_1_0/c:16                   
                                           |  top = 9                                  
                                           |  bottom = 38                              
                                           |                                           
(no matching instance)                     |Instance: nand2_1_0/c:17                   
                                           |  top = 91                                 
                                           |  bottom = 101                             
                                           |                                           
(no matching instance)                     |Instance: nand2_1_0/c:18                   
                                           |  top = 91                                 
                                           |  bottom = 101                             
                                           |                                           
(no matching instance)                     |Instance: nand2_1_0/c:19                   
                                           |  top = 101                                
                                           |  bottom = 101                             
                                           |                                           
(no matching instance)                     |Instance: nand2_1_0/c:20                   
                                           |  top = 38                                 
                                           |  bottom = 101                             
                                           |                                           
(no matching instance)                     |Instance: nand2_1_0/c:21                   
                                           |  top = 91                                 
                                           |  bottom = 101                             
                                           |                                           
(no matching instance)                     |Instance: nand2_1_0/c:22                   
                                           |  top = 38                                 
                                           |  bottom = 101                             
                                           |                                           
(no matching instance)                     |Instance: nand2_1_0/c:23                   
                                           |  top = 22                                 
                                           |  bottom = 101                             
                                           |                                           
(no matching instance)                     |Instance: inv_1_0/c:0                      
                                           |  top = 91                                 
                                           |  bottom = 101                             
                                           |                                           
(no matching instance)                     |Instance: inv_1_0/c:1                      
                                           |  top = 91                                 
                                           |  bottom = 38                              
                                           |                                           
(no matching instance)                     |Instance: inv_1_0/c:2                      
                                           |  top = 91                                 
                                           |  bottom = 21                              
                                           |                                           
(no matching instance)                     |Instance: inv_1_0/c:3                      
                                           |  top = 21                                 
                                           |  bottom = 101                             
                                           |                                           
(no matching instance)                     |Instance: inv_1_0/c:4                      
                                           |  top = 91                                 
                                           |  bottom = 101                             
                                           |                                           
(no matching instance)                     |Instance: inv_1_0/c:5                      
                                           |  top = 21                                 
                                           |  bottom = 38                              
                                           |                                           
(no matching instance)                     |Instance: inv_1_0/c:6                      
                                           |  top = 91                                 
                                           |  bottom = 38                              
                                           |                                           
(no matching instance)                     |Instance: inv_1_0/c:7                      
                                           |  top = 101                                
                                           |  bottom = 38                              
                                           |                                           
(no matching instance)                     |Instance: inv_1_0/c:8                      
                                           |  top = 21                                 
                                           |  bottom = 91                              
                                           |                                           
(no matching instance)                     |Instance: inv_1_0/c:9                      
                                           |  top = 91                                 
                                           |  bottom = 91                              
                                           |                                           
(no matching instance)                     |Instance: inv_1_0/c:10                     
                                           |  top = 91                                 
                                           |  bottom = 101                             
                                           |                                           
(no matching instance)                     |Instance: inv_1_0/c:11                     
                                           |  top = 101                                
                                           |  bottom = 101                             
                                           |                                           
(no matching instance)                     |Instance: inv_1_0/c:12                     
                                           |  top = 21                                 
                                           |  bottom = 101                             
                                           |                                           
(no matching instance)                     |Instance: inv_1_0/c:13                     
                                           |  top = 91                                 
                                           |  bottom = 101                             
                                           |                                           
(no matching instance)                     |Instance: inv_1_0/c:14                     
                                           |  top = 38                                 
                                           |  bottom = 101                             
                                           |                                           
(no matching instance)                     |Instance: inv_1$1_0/c:0                    
                                           |  top = 91                                 
                                           |  bottom = 101                             
                                           |                                           
(no matching instance)                     |Instance: inv_1$1_0/c:1                    
                                           |  top = 91                                 
                                           |  bottom = 21                              
                                           |                                           
(no matching instance)                     |Instance: inv_1$1_0/c:2                    
                                           |  top = 91                                 
                                           |  bottom = 22                              
                                           |                                           
(no matching instance)                     |Instance: inv_1$1_0/c:3                    
                                           |  top = 22                                 
                                           |  bottom = 101                             
                                           |                                           
(no matching instance)                     |Instance: inv_1$1_0/c:4                    
                                           |  top = 91                                 
                                           |  bottom = 101                             
                                           |                                           
(no matching instance)                     |Instance: inv_1$1_0/c:5                    
                                           |  top = 22                                 
                                           |  bottom = 21                              
                                           |                                           
(no matching instance)                     |Instance: inv_1$1_0/c:6                    
                                           |  top = 91                                 
                                           |  bottom = 21                              
                                           |                                           
(no matching instance)                     |Instance: inv_1$1_0/c:7                    
                                           |  top = 101                                
                                           |  bottom = 21                              
                                           |                                           
(no matching instance)                     |Instance: inv_1$1_0/c:8                    
                                           |  top = 22                                 
                                           |  bottom = 91                              
                                           |                                           
(no matching instance)                     |Instance: inv_1$1_0/c:9                    
                                           |  top = 91                                 
                                           |  bottom = 91                              
                                           |                                           
(no matching instance)                     |Instance: inv_1$1_0/c:10                   
                                           |  top = 91                                 
                                           |  bottom = 101                             
                                           |                                           
(no matching instance)                     |Instance: inv_1$1_0/c:11                   
                                           |  top = 101                                
                                           |  bottom = 101                             
                                           |                                           
(no matching instance)                     |Instance: inv_1$1_0/c:12                   
                                           |  top = 22                                 
                                           |  bottom = 101                             
                                           |                                           
(no matching instance)                     |Instance: inv_1$1_0/c:13                   
                                           |  top = 91                                 
                                           |  bottom = 101                             
                                           |                                           
(no matching instance)                     |Instance: inv_1$1_0/c:14                   
                                           |  top = 21                                 
                                           |  bottom = 101                             
                                           |                                           
(no matching instance)                     |Instance: inv_8_0/c:0                      
                                           |  top = 91                                 
                                           |  bottom = 101                             
                                           |                                           
(no matching instance)                     |Instance: inv_8_0/c:1                      
                                           |  top = 91                                 
                                           |  bottom = 21                              
                                           |                                           
(no matching instance)                     |Instance: inv_8_0/c:2                      
                                           |  top = 91                                 
                                           |  bottom = 11                              
                                           |                                           
(no matching instance)                     |Instance: inv_8_0/c:3                      
                                           |  top = 11                                 
                                           |  bottom = 101                             
                                           |                                           
(no matching instance)                     |Instance: inv_8_0/c:4                      
                                           |  top = 91                                 
                                           |  bottom = 101                             
                                           |                                           
(no matching instance)                     |Instance: inv_8_0/c:5                      
                                           |  top = 11                                 
                                           |  bottom = 21                              
                                           |                                           
(no matching instance)                     |Instance: inv_8_0/c:6                      
                                           |  top = 91                                 
                                           |  bottom = 21                              
                                           |                                           
(no matching instance)                     |Instance: inv_8_0/c:7                      
                                           |  top = 101                                
                                           |  bottom = 21                              
                                           |                                           
(no matching instance)                     |Instance: inv_8_0/c:8                      
                                           |  top = 11                                 
                                           |  bottom = 91                              
                                           |                                           
(no matching instance)                     |Instance: inv_8_0/c:9                      
                                           |  top = 91                                 
                                           |  bottom = 91                              
                                           |                                           
(no matching instance)                     |Instance: inv_8_0/c:10                     
                                           |  top = 91                                 
                                           |  bottom = 101                             
                                           |                                           
(no matching instance)                     |Instance: inv_8_0/c:11                     
                                           |  top = 101                                
                                           |  bottom = 101                             
                                           |                                           
(no matching instance)                     |Instance: inv_8_0/c:12                     
                                           |  top = 11                                 
                                           |  bottom = 101                             
                                           |                                           
(no matching instance)                     |Instance: inv_8_0/c:13                     
                                           |  top = 91                                 
                                           |  bottom = 101                             
                                           |                                           
(no matching instance)                     |Instance: inv_8_0/c:14                     
                                           |  top = 21                                 
                                           |  bottom = 101                             
                                           |                                           
(no matching instance)                     |Instance: cap_mim$1_0/c:0                  
                                           |  top = 38                                 
                                           |  bottom = 101                             
                                           |                                           
(no matching instance)                     |Instance: cap_mim$1_0/c:1                  
                                           |  top = 38                                 
                                           |  bottom = 101                             
                                           |                                           
(no matching instance)                     |Instance: cap_mim$1_0/c:2                  
                                           |  top = 101                                
                                           |  bottom = 101                             
                                           |                                           
(no matching instance)                     |Instance: cap_mim$1_1/c:0                  
                                           |  top = 38                                 
                                           |  bottom = 101                             
                                           |                                           
(no matching instance)                     |Instance: cap_mim$1_1/c:1                  
                                           |  top = 38                                 
                                           |  bottom = 101                             
                                           |                                           
(no matching instance)                     |Instance: cap_mim$1_1/c:2                  
                                           |  top = 101                                
                                           |  bottom = 101                             
                                           |                                           
(no matching instance)                     |Instance: c:0                              
                                           |  top = 22                                 
                                           |  bottom = 101                             
                                           |                                           
(no matching instance)                     |Instance: c:1                              
                                           |  top = 22                                 
                                           |  bottom = 21                              
                                           |                                           
(no matching instance)                     |Instance: c:2                              
                                           |  top = 101                                
                                           |  bottom = 21                              
                                           |                                           
(no matching instance)                     |Instance: c:3                              
                                           |  top = 9                                  
                                           |  bottom = 38                              
                                           |                                           
(no matching instance)                     |Instance: c:4                              
                                           |  top = 21                                 
                                           |  bottom = 101                             
                                           |                                           
(no matching instance)                     |Instance: c:5                              
                                           |  top = 8                                  
                                           |  bottom = 101                             
                                           |                                           
(no matching instance)                     |Instance: c:6                              
                                           |  top = 9                                  
                                           |  bottom = 38                              
                                           |                                           
(no matching instance)                     |Instance: c:7                              
                                           |  top = 22                                 
                                           |  bottom = 38                              
                                           |                                           
(no matching instance)                     |Instance: c:8                              
                                           |  top = 22                                 
                                           |  bottom = 38                              
                                           |                                           
(no matching instance)                     |Instance: c:9                              
                                           |  top = 38                                 
                                           |  bottom = 101                             
                                           |                                           
(no matching instance)                     |Instance: c:10                             
                                           |  top = 38                                 
                                           |  bottom = 21                              
                                           |                                           
(no matching instance)                     |Instance: c:11                             
                                           |  top = 11                                 
                                           |  bottom = 91                              
                                           |                                           
(no matching instance)                     |Instance: c:12                             
                                           |  top = 101                                
                                           |  bottom = 38                              
                                           |                                           
(no matching instance)                     |Instance: c:13                             
                                           |  top = 38                                 
                                           |  bottom = 21                              
                                           |                                           
(no matching instance)                     |Instance: c:14                             
                                           |  top = 13                                 
                                           |  bottom = 101                             
                                           |                                           
(no matching instance)                     |Instance: c:15                             
                                           |  top = 21                                 
                                           |  bottom = 38                              
                                           |                                           
(no matching instance)                     |Instance: c:16                             
                                           |  top = 8                                  
                                           |  bottom = 38                              
                                           |                                           
(no matching instance)                     |Instance: c:17                             
                                           |  top = 21                                 
                                           |  bottom = 38                              
                                           |                                           
(no matching instance)                     |Instance: c:18                             
                                           |  top = 8                                  
                                           |  bottom = 38                              
                                           |                                           
(no matching instance)                     |Instance: c:19                             
                                           |  top = 13                                 
                                           |  bottom = 21                              
                                           |                                           
(no matching instance)                     |Instance: c:20                             
                                           |  top = 22                                 
                                           |  bottom = 91                              
                                           |                                           
(no matching instance)                     |Instance: c:21                             
                                           |  top = 38                                 
                                           |  bottom = 38                              
                                           |                                           
(no matching instance)                     |Instance: c:22                             
                                           |  top = 13                                 
                                           |  bottom = 38                              
                                           |                                           
(no matching instance)                     |Instance: c:23                             
                                           |  top = 91                                 
                                           |  bottom = 101                             
                                           |                                           
(no matching instance)                     |Instance: c:24                             
                                           |  top = 91                                 
                                           |  bottom = 21                              
                                           |                                           
(no matching instance)                     |Instance: c:25                             
                                           |  top = 13                                 
                                           |  bottom = 38                              
                                           |                                           
(no matching instance)                     |Instance: c:26                             
                                           |  top = 21                                 
                                           |  bottom = 91                              
                                           |                                           
(no matching instance)                     |Instance: c:27                             
                                           |  top = 38                                 
                                           |  bottom = 91                              
                                           |                                           
(no matching instance)                     |Instance: c:28                             
                                           |  top = 11                                 
                                           |  bottom = 101                             
                                           |                                           
(no matching instance)                     |Instance: c:29                             
                                           |  top = 22                                 
                                           |  bottom = 9                               
                                           |                                           
(no matching instance)                     |Instance: c:30                             
                                           |  top = 91                                 
                                           |  bottom = 38                              
                                           |                                           
(no matching instance)                     |Instance: c:31                             
                                           |  top = 13                                 
                                           |  bottom = 91                              
                                           |                                           
(no matching instance)                     |Instance: c:32                             
                                           |  top = 11                                 
                                           |  bottom = 21                              
                                           |                                           
(no matching instance)                     |Instance: c:33                             
                                           |  top = 9                                  
                                           |  bottom = 101                             
                                           |                                           
(no matching instance)                     |Instance: c:34                             
                                           |  top = 38                                 
                                           |  bottom = 9                               
                                           |                                           
(no matching instance)                     |Instance: c:35                             
                                           |  top = 11                                 
                                           |  bottom = 9                               
                                           |                                           
(no matching instance)                     |Instance: c:36                             
                                           |  top = 21                                 
                                           |  bottom = 9                               
                                           |                                           
(no matching instance)                     |Instance: c:37                             
                                           |  top = 21                                 
                                           |  bottom = 9                               
                                           |                                           
(no matching instance)                     |Instance: c:38                             
                                           |  top = 91                                 
                                           |  bottom = 9                               
                                           |                                           
(no matching instance)                     |Instance: c:39                             
                                           |  top = 101                                
                                           |  bottom = 9                               
                                           |                                           
(no matching instance)                     |Instance: c:40                             
                                           |  top = 38                                 
                                           |  bottom = 9                               
                                           |                                           
(no matching instance)                     |Instance: c:41                             
                                           |  top = 22                                 
                                           |  bottom = 9                               
                                           |                                           
(no matching instance)                     |Instance: c:42                             
                                           |  top = 13                                 
                                           |  bottom = 9                               
---------------------------------------------------------------------------------------
Netlists do not match.
Port matching may fail to disambiguate symmetries.

Subcircuit pins:
Circuit 1: op_Deadtime_Driver              |Circuit 2: op_Deadtime_Driver              
-------------------------------------------|-------------------------------------------
vdd                                        |(no pin, node is nand2_1$1_0/a_2829_3074#) 
vss                                        |(no pin, node is inv_8_0/VNW)              
n3                                         |vss **Mismatch**                           
n2                                         |(no pin, node is m1_n6709_966#)            
vin                                        |(no pin, node is m1_n6954_761#)            
n1                                         |vin **Mismatch**                           
n4                                         |(no pin, node is m1_757_773#)              
vout_nmos                                  |vout_nmos                                  
vout_pmos                                  |(no pin, node is m1_n8216_n1245#)          
(no pin, node is /nand2_1_0/a_2829_3074#)  |vout_pmos                                  
---------------------------------------------------------------------------------------
Cell pin lists for op_Deadtime_Driver and op_Deadtime_Driver altered to match.
Device classes op_Deadtime_Driver and op_Deadtime_Driver are equivalent.

Final result: Top level cell failed pin matching.
